﻿<?xml version="1.0" encoding="UTF-8" standalone="yes"?>
<addon id="repo.infotec.kodi.online" name="Repository Infotec Kodi Online" version="0.0.3" provider-name="Anonymous">
	<extension point="xbmc.addon.repository" name="Repository Infotec Kodi Online">
		<info compressed="false">https://raw.githubusercontent.com/infoteconline/repo.infotec.kodi.online/master/addons.xml</info>
		<checksum>https://raw.githubusercontent.com/infoteconline/repo.infotec.kodi.online/master/addons.xml.md5</checksum>
		<datadir zip="true">https://raw.githubusercontent.com/infoteconline/repo.infotec.kodi.online/master</datadir>
	</extension>
	<extension point="xbmc.addon.metadata">
		<summary>Demonstration Addon</summary>
		<description>Addon Description</description>
		<disclaimer></disclaimer>
		<platform>all</platform>
	</extension>
</addon>